"sdpclass","pDeath","nNA","samp"
1,0.02078470247779,8,15
2,0.0616944400576086,0,19
3,0.155343607918097,0,19
